	text	label	primary_key	mapping
0	('@stellargirl I loooooooovvvvvveee my Kindle2. Not that the DX is cool, but the 2 is fantastic in its own right.', 0)	2	0	0
1	('Reading my kindle2...  Love it... Lee childs is good read.', 0)	2	1	1
2	('Ok, first assesment of the #kindle2 ...it fucking rocks!!!', 0)	2	2	2
3	"(""@kenburbary You'll love your Kindle2. I've had mine for a few months and never looked back. The new big one is huge! No need for remorse! :)"", 0)"	2	3	3
4	"(""but i own a kindle2 and i think it's perfect "", 44)"	2	4	4
5	"(""but i own a kindle2 and i think it's perfect "", 44)"	2	4	4
6	"(""but i own a kindle2 and i think it's perfect "", 44)"	2	4	4
7	"(""but i own a kindle2 and i think it's perfect "", 44)"	2	4	4
8	('Fuck this economy. I hate aig and their non loan given asses.', 0)	0	6	6
9	('Jquery is my new best friend.', 0)	2	7	7
10	('how can anyone not like barack obama?', 46)	2	9	9
11	('how can anyone not like barack obama?', 46)	2	9	9
12	"(""Check this video out -- President Obama at the White House Correspondents' Dinner http://bit.ly/IMXUM"", 0)"	1	10	10
13	('i firmly believe that obama and pelosi have absolutely no desire to be civil', 93)	0	11	11
14	('i firmly believe that obama and pelosi have absolutely no desire to be civil', 93)	0	11	11
15	('House Correspondents dinner was last night whoopi, barbara &amp; sherri went, Obama got a standing ovation', 0)	2	12	12
16	('Watchin Espn..Jus seen this new Nike Commerical with a Puppet Lebron..sh*t was hilarious...LMAO!!!', 0)	2	13	13
17	('dear nike, stop with the flywire. that shit is a waste of science. and ugly. love, @vincentx24x', 0)	0	14	14
18	"(""i've been talking to this guy last night and he told me he's a devoted spurs fan"", 82)"	0	16	16
19	"(""i've been talking to this guy last night and he told me he's a devoted spurs fan"", 82)"	0	16	16
20	"(""i've been talking to this guy last night and he told me he's a devoted spurs fan"", 82)"	0	16	16
21	"(""i've been talking to this guy last night and he told me he's a devoted spurs fan"", 82)"	0	16	16
22	"(""i've been talking to this guy last night and he told me he's a devoted spurs fan"", 82)"	0	16	16
23	"(""i've been talking to this guy last night and he told me he's a devoted spurs fan"", 82)"	0	16	16
24	"(""i've been talking to this guy last night and he told me he's a devoted spurs fan"", 82)"	0	16	16
25	"(""i've been talking to this guy last night and he told me he's a devoted spurs fan"", 82)"	0	16	16
26	"(""i've been talking to this guy last night and he told me he's a devoted spurs fan"", 82)"	0	16	16
27	"(""i've been talking to this guy last night and he told me he's a devoted spurs fan"", 82)"	0	16	16
28	"(""@ludajuice Lebron is a Beast, but I'm still cheering 4 the A..til the end."", 0)"	0	18	18
29	('pmillzz lebron is the boss', 12)	2	19	19
30	"(""@sketchbug Lebron is a hometown hero to me, lol I love the Lakers but let's go Cavs, lol"", 0)"	2	20	20
31	('lebron is a beast nobody in the nba is even remotely close', 40)	2	22	22
32	('lebron is a beast nobody in the nba is even remotely close', 40)	2	22	22
33	('lebron is a beast nobody in the nba is even remotely close', 40)	2	22	22
34	('downloading apps for my iphone', 78)	2	23	23
35	('downloading apps for my iphone', 78)	2	23	23
36	('downloading apps for my iphone', 78)	2	23	23
37	('downloading apps for my iphone', 78)	2	23	23
38	('downloading apps for my iphone', 78)	2	23	23
39	('downloading apps for my iphone', 78)	2	23	23
40	('good news, just had a call from the Visa office, saying everything is fine.....what a relief! I am sick of scams out there! Stealing!', 0)	2	24	24
41	('http://twurl.nl/epkr4b - awesome come back from @biz (via @fredwilson)', 0)	2	25	25
42	('In montreal for a long weekend of R&amp;R. Much needed.', 0)	2	26	26
43	('booz allen hamilton has a bad ass social collaboration platform', 38)	2	27	27
44	('booz allen hamilton has a bad ass social collaboration platform', 38)	2	27	27
45	('booz allen hamilton has a bad ass social collaboration platform', 38)	2	27	27
46	('[#MLUC09] Customer Innovation Award Winner: Booz Allen Hamilton -- http://ping.fm/c2hPP', 0)	2	28	28
47	('@SoChi2 I current use the Nikon D90 and love it, but not as much as the Canon 40D/50D. I chose the D90 for the  video feature. My mistake.', 0)	2	29	29
48	('need help with ir filtering for canon 40d?', 58)	1	30	30
49	('need help with ir filtering for canon 40d?', 58)	1	30	30
50	('need help with ir filtering for canon 40d?', 58)	1	30	30
51	('need help with ir filtering for canon 40d?', 58)	1	30	30
52	('need help with ir filtering for canon 40d?', 58)	1	30	30
53	('@surfit: I just checked my google for my business- blip shows up as the second entry! Huh. Is that a good or ba... ? http://blip.fm/~6emhv', 0)	1	31	31
54	"(""@phyreman9 Google is always a good place to look. Should've mentioned I worked on the Mustang w/ my Dad, @KimbleT."", 0)"	2	32	32
55	('Played with an android google phone. The slide out screen scares me I would break that fucker so fast. Still prefer my iPhone.', 0)	0	33	33
56	('us officials plan to resume military trials in guantanamo bay only this time a group of aig executives and chrysler debt holders will face trial', 69)	0	34	34
57	('us officials plan to resume military trials in guantanamo bay only this time a group of aig executives and chrysler debt holders will face trial', 69)	0	34	34
58	('i feel itchy and depressed', 22)	0	36	36
59	('i feel itchy and depressed', 22)	0	36	36
60	('i feel itchy and depressed', 22)	0	36	36
61	('i feel itchy and depressed', 22)	0	36	36
62	('i feel itchy and depressed', 22)	0	36	36
63	"(""@sekseemess no. I'm not itchy for now. Maybe later, lol."", 0)"	0	37	37
64	('RT @jessverr I love the nerdy Stanford human biology videos - makes me miss school. http://bit.ly/13t7NR', 0)	2	38	38
65	('@spinuzzi: Has been a bit crazy, with steep learning curve, but LyX is really good for long docs. For anything shorter, it would be insane.', 0)	2	39	39
66	"(""i'm listening to pyt by danny gokey lt3 lt3 lt3 and i really love him "", 44)"	2	40	40
67	('shall sleep on a bike', 32)	2	41	41
68	('my teeth are hurting', 36)	0	42	42
69	('my teeth are hurting', 36)	0	42	42
70	('my teeth are hurting', 36)	0	42	42
71	('my teeth are hurting', 36)	0	42	42
72	('my teeth are hurting', 36)	0	42	42
73	"(""i've not made plans to go back to sleep today i guess"", 55)"	0	43	43
74	"(""glad i didnt do Bay to Breakers today, it's 1000 freaking degrees in San Francisco wtf"", 0)"	0	44	44
75	('bay breakers in san francisco', 30)	1	45	45
76	('bay breakers in san francisco', 30)	1	45	45
77	('bay breakers in san francisco', 30)	1	45	45
78	('just arrived in san francisco', 19)	1	46	46
79	('just arrived in san francisco', 19)	1	46	46
80	('just arrived in san francisco', 19)	1	46	46
81	('just arrived in san francisco', 19)	1	46	46
82	('just arrived in san francisco', 19)	1	46	46
83	"(""san francisco today what's your suggestion?"", 23)"	1	47	47
84	"(""san francisco today what's your suggestion?"", 23)"	1	47	47
85	('?Obama Administration Must Stop Bonuses to AIG Ponzi Schemers ... http://bit.ly/2CUIg', 0)	0	48	48
86	('started to think that Citi is in really deep s&amp;^t. Are they gonna survive the turmoil or are they gonna be the next AIG?', 0)	0	49	49
87	('@YarnThing you will not regret going to see Star Trek. It was AWESOME!', 0)	2	51	51
88	('On my way to see Star Trek @ The Esquire.', 0)	1	52	52
89	"(""i'm going to star trek with my dad soon"", 25)"	1	53	53
90	"(""i'm going to star trek with my dad soon"", 25)"	1	53	53
91	"(""i'm going to star trek with my dad soon"", 25)"	1	53	53
92	"(""i'm going to star trek with my dad soon"", 25)"	1	53	53
93	"(""i'm going to star trek with my dad soon"", 25)"	1	53	53
94	"(""i'm going to star trek with my dad soon"", 25)"	1	53	53
95	"(""i'm going to star trek with my dad soon"", 25)"	1	53	53
96	"(""i'm going to star trek with my dad soon"", 25)"	1	53	53
97	"(""the new trend on the internet is that people don't like michael lewis or malcolm gladwell"", 69)"	0	54	54
98	('in a conversation with malcolm gladwell bill simmons httpbitlyj9o50px1', 45)	1	55	55
99	('in a conversation with malcolm gladwell bill simmons httpbitlyj9o50px1', 45)	1	55	55
100	('Highly recommend: http://tinyurl.com/HowDavidBeatsGoliath by Malcolm Gladwell', 0)	2	56	56
101	('blink by malcolm gladwell an amazing book and the tipping point', 15)	2	57	57
102	('malcolm gladwell could be my crush', 25)	2	58	58
103	('malcolm gladwell could be my crush', 25)	2	58	58
104	('malcolm gladwell could be my crush', 25)	2	58	58
105	('malcolm gladwell could be my crush', 25)	2	58	58
106	('that alone would drive me nuts', 49)	0	59	59
107	('@robmalon Playing with Twitter API sounds fun.  May need to take a class or find a new friend who like to generate results with API code.', 0)	2	60	60
108	('playing with cURL and the Twitter API', 0)	1	61	61
109	('Hello Twitter API ;)', 0)	2	62	62
110	('playing with Java and the Twitter API', 0)	1	63	63
111	"(""@morind45 Because the twitter api is slow and most client's aren't good."", 0)"	0	64	64
112	('yahoo answers can be a little annoying', 24)	0	65	65
113	('is scrapbooking with Nic =D', 0)	2	66	66
114	('RT @mashable: Five Things Wolfram Alpha Does Better (And Vastly Different) Than Google - http://bit.ly/6nSnR', 0)	2	67	67
115	"(""i have changed my default pic to a nike basketball bball because it's amazing"", 31)"	2	68	68
116	"(""i have changed my default pic to a nike basketball bball because it's amazing"", 31)"	2	68	68
117	('Nike owns NBA Playoffs ads w/ LeBron, Kobe, Carmelo? http://ow.ly/7Uiy  #Adidas #Billups #Howard  #Marketing #Branding', 0)	1	69	69
118	"(""next time i'm gonna call myself nike'"", 20)"	1	70	70
119	"(""next time i'm gonna call myself nike'"", 20)"	1	70	70
120	('i was told today that nike has announced layoffs - rt smartchickpdx', 58)	0	72	72
121	('i was told today that nike has announced layoffs - rt smartchickpdx', 58)	0	72	72
122	('i was told today that nike has announced layoffs - rt smartchickpdx', 58)	0	72	72
123	('i was told today that nike has announced layoffs - rt smartchickpdx', 58)	0	72	72
124	('i was told today that nike has announced layoffs - rt smartchickpdx', 58)	0	72	72
125	('Back when I worked for Nike we had one fav word : JUST DO IT! :)', 0)	2	73	73
126	"(""By the way, I'm totally inspired by this freaky Nike commercial: http://snurl.com/icgj9"", 0)"	2	74	74
127	('giving weka an app engine interface, using the bird strike data for the tests, the logo is a given.', 0)	1	75	75
128	('Brand New Canon EOS 50D 15MP DSLR Camera Canon 17-85mm IS Lens ...: Web Technology Thread, Brand New Canon EOS 5.. http://u.mavrev.com/5a3t', 0)	1	76	76
129	('class the 50d is supposed to be here today ', 22)	2	77	77
130	('someone needs to explain lambda calculus ', 26)	0	78	78
131	('someone needs to explain lambda calculus ', 26)	0	78	78
132	('someone needs to explain lambda calculus ', 26)	0	78	78
133	('someone needs to explain lambda calculus ', 26)	0	78	78
134	('SHOUT OUTS TO ALL EAST PALO ALTO FOR BEING IN THE BUILDIN KARIZMAKAZE 50CAL GTA! ALSO THANKS TO PROFITS OF DOOM UNIVERSAL HEMPZ CRACKA......', 0)	2	80	80
135	"(""i wouldn't really have lived in east palo alto if i had escaped it"", 87)"	0	81	81
136	"(""i wouldn't really have lived in east palo alto if i had escaped it"", 87)"	0	81	81
137	"(""i wouldn't really have lived in east palo alto if i had escaped it"", 87)"	0	81	81
138	"(""i wouldn't really have lived in east palo alto if i had escaped it"", 87)"	0	81	81
139	('@accannis @edog1203 Great Stanford course. Thanks for making it available to the public! Really helpful and informative for starting off!', 0)	2	82	82
140	"(""NVIDIA Names Stanford's Bill Dally Chief Scientist, VP Of Research http://bit.ly/Fvvg9"", 0)"	1	83	83
141	('new blog post stanford versus harvard - who wins?', 43)	1	84	84
142	('@ work til 6pm... lets go lakers!!!', 0)	2	85	85
143	('Damn you North Korea. http://bit.ly/KtMeQ', 0)	0	86	86
144	('can we just dump north korea and the rest of the world from the map?', 52)	0	87	87
145	('can we just dump north korea and the rest of the world from the map?', 52)	0	87	87
146	('can we just dump north korea and the rest of the world from the map?', 52)	0	87	87
147	('can we just dump north korea and the rest of the world from the map?', 52)	0	87	87
148	('can we just dump north korea and the rest of the world from the map?', 52)	0	87	87
149	('can we just dump north korea and the rest of the world from the map?', 52)	0	87	87
150	('can we just dump north korea and the rest of the world from the map?', 52)	0	87	87
151	"(""North Korea, please cease this douchebaggery. China doesn't even like you anymore. http://bit.ly/NeHSl"", 0)"	0	88	88
152	('why is pelosi in china?', 48)	0	89	89
153	('why is pelosi in china?', 48)	0	89	89
154	('insects have invaded my spinach ', 23)	0	91	91
155	('insects have invaded my spinach ', 23)	0	91	91
156	"(""i wish i could catch every mosquito in the world but i 'd like to burn them slowly"", 84)"	0	92	92
157	('just returned from church and i hate insects so much', 35)	0	93	93
158	('just returned from church and i hate insects so much', 35)	0	93	93
159	('just returned from church and i hate insects so much', 35)	0	93	93
160	('just returned from church and i hate insects so much', 35)	0	93	93
161	('just returned from church and i hate insects so much', 35)	0	93	93
162	('just returned from church and i hate insects so much', 35)	0	93	93
163	('just returned from church and i hate insects so much', 35)	0	93	93
164	('just returned from church and i hate insects so much', 35)	0	93	93
165	"(""Just got mcdonalds goddam those eggs make me sick. O yeah Laker up date go lakers. Not much of an update? Well it's true so suck it"", 0)"	0	94	94
166	('omgg i ohhdee want mcdonalds damn i wonder if its open lol =]', 0)	2	95	95
167	('History exam studying ugh', 0)	0	96	96
168	"(""i hate revision it's so boring i'm completely unprepared for my exam tomorrow"", 53)"	0	97	97
169	"(""i hate revision it's so boring i'm completely unprepared for my exam tomorrow"", 53)"	0	97	97
170	"(""i hate revision it's so boring i'm completely unprepared for my exam tomorrow"", 53)"	0	97	97
171	"(""i hate revision it's so boring i'm completely unprepared for my exam tomorrow"", 53)"	0	97	97
172	"(""i hate revision it's so boring i'm completely unprepared for my exam tomorrow"", 53)"	0	97	97
173	"(""i hate revision it's so boring i'm completely unprepared for my exam tomorrow"", 53)"	0	97	97
174	"(""i hate revision it's so boring i'm completely unprepared for my exam tomorrow"", 53)"	0	97	97
175	('Higher physics exam tommorow, not lookin forward to it much :(', 0)	0	98	98
176	"(""it's a bank holiday and i'm only out of work now"", 35)"	0	99	99
177	('life is a bitch? and so is dick cheney', 66)	0	101	101
178	"(""Dick Cheney's dishonest speech about torture, terror, and Obama. -Fred Kaplan Slate. http://is.gd/DiHg"", 0)"	0	102	102
179	"('""The Republican party is a bunch of anti-abortion zealots who couldn\'t draw flies to a dump."" -- Neal Boortz (just now, on the radio)', 0)"	0	103	103
180	('does twitter have a failed connection api?', 64)	0	104	104
181	('does twitter have a failed connection api?', 64)	0	104	104
182	('does twitter have a failed connection api?', 64)	0	104	104
183	('does twitter have a failed connection api?', 64)	0	104	104
184	('does twitter have a failed connection api?', 64)	0	104	104
185	('i hate that twitter timeout ', 51)	0	105	105
186	('i hate that twitter timeout ', 51)	0	105	105
187	('i hate that twitter timeout ', 51)	0	105	105
188	('i hate that twitter timeout ', 51)	0	105	105
189	('i hate that twitter timeout ', 51)	0	105	105
190	('i hate that twitter timeout ', 51)	0	105	105
191	"('@psychemedia I really liked @kswedberg\'s ""Learning jQuery"" book. http://bit.ly/pg0lT is worth a look too', 0)"	2	106	106
192	('Very Interesting Ad from Adobe by Goodby, Silverstein &amp; Partners - YouTube - Adobe CS4: Le Sens Propre http://bit.ly/VprpT', 0)	2	108	108
193	('Goodby Silverstein agency new site! http://www.goodbysilverstein.com/ Great!', 0)	2	109	109
194	"(""i love goodby silverstein's new site rt designplay"", 73)"	2	110	110
195	('The ever amazing Psyop and Goodby Silverstein &amp; Partners for HP! http://bit.ly/g2rU8 Have to go play with After Effects now!', 0)	2	111	111
196	('top ten most watched on Viral-Video Chart.  Love the nike #mostvaluablepuppets campaign from Wieden &amp; Kennedy http://bit.ly/nR1n9', 0)	2	112	112
197	('zomg!!! I have a G2!!!!!!!', 0)	2	113	113
198	('Ok so lots of buzz from IO2009 but how lucky are they - a Free G2!! http://is.gd/Hyzl', 0)	2	114	114
199	('i just have a free g2 android on google io', 18)	2	115	115
200	('i just have a free g2 android on google io', 18)	2	115	115
201	"(""Guess I'll be retiring my G1 and start using my developer G2 woot #googleio"", 0)"	2	116	116
202	('At GWT fireside chat @googleio', 0)	1	117	117
203	"(""i'm glad philip is doing googleio today"", 31)"	2	118	118
204	"(""i'm glad philip is doing googleio today"", 31)"	2	118	118
205	"(""i'm glad philip is doing googleio today"", 31)"	2	118	118
206	"(""i'm glad philip is doing googleio today"", 31)"	2	118	118
207	"(""i'm glad philip is doing googleio today"", 31)"	2	118	118
208	('hi do you have a great source for advice on viral marketing?', 47)	1	120	120
209	('judd apatow creates a fake sitcom on nbccom to market his new film viral marketing at its best', 41)	2	121	121
210	"(""Here's A case study on how to use viral marketing to add over 10,000 people to your list http://snipr.com/i50oz"", 0)"	1	122	122
211	"(""VIRAL MARKETING FAIL. This Acia Pills brand oughta get shut down for hacking into people's messenger's.  i get 5-6 msgs in a day! Arrrgh!"", 0)"	0	123	123
212	('watching Night at The Museum . Lmao', 0)	2	124	124
213	('i loved the museum night', 27)	2	125	125
214	('i loved the museum night', 27)	2	125	125
215	('i loved the museum night', 27)	2	125	125
216	('i loved the museum night', 27)	2	125	125
217	('i loved the museum night', 27)	2	125	125
218	"(""we're going to see the new night at the museum movie with my family"", 53)"	1	126	126
219	('i just went to the movies with rachel to see the new night at the museum', 59)	2	127	127
220	('i just went to the movies with rachel to see the new night at the museum', 59)	2	127	127
221	('i just went to the movies with rachel to see the new night at the museum', 59)	2	127	127
222	('i just went to the movies with rachel to see the new night at the museum', 59)	2	127	127
223	('Just saw the new Night at the Museum movie...it was...okay...lol 7\\10', 0)	1	128	128
224	('Going to see night at the museum 2 with tall boy', 0)	1	129	129
225	('@shannyoday I will take you on a date to see night at the museum 2 whenever you want...it looks soooooo good', 0)	2	130	130
226	('Night at the Museum, Wolverine and junk food - perfect monday!', 0)	2	132	132
227	('saw night at the museum 2 last night.. pretty crazy movie.. but the cast was awesome so it was well worth it. Robin Williams forever!', 0)	2	133	133
228	('I saw Night at the Museum: Battle of the Swithsonian today. It was okay. Your typical [kids] Ben Stiller movie.', 0)	1	134	134
229	('bring katie to the museum to see night', 38)	1	135	135
230	('Night at the Museum tonite instead of UP. :( oh well. that 4 yr old better enjoy it. LOL', 0)	0	136	136
231	"(""tell me why we're giving gm more money?"", 91)"	0	139	139
232	"(""tell me why we're giving gm more money?"", 91)"	0	139	139
233	"(""tell me why we're giving gm more money?"", 91)"	0	139	139
234	"(""tell me why we're giving gm more money?"", 91)"	0	139	139
235	"(""tell me why we're giving gm more money?"", 91)"	0	139	139
236	"(""tell me why we're giving gm more money?"", 91)"	0	139	139
237	('@jdreiss oh yes but if GM dies it will only be worth more boo hahaha', 0)	0	140	140
238	('time warner cable is down for the 3rd time since memorial day', 26)	0	141	141
239	"(""i'd rather pay reasonable yearly taxes for free fast internet than get scammed for a slow connection by time warner"", 51)"	0	142	142
240	"(""i'd rather pay reasonable yearly taxes for free fast internet than get scammed for a slow connection by time warner"", 51)"	0	142	142
241	"(""i'd rather pay reasonable yearly taxes for free fast internet than get scammed for a slow connection by time warner"", 51)"	0	142	142
242	"(""i'd rather pay reasonable yearly taxes for free fast internet than get scammed for a slow connection by time warner"", 51)"	0	142	142
243	"(""i'd rather pay reasonable yearly taxes for free fast internet than get scammed for a slow connection by time warner"", 51)"	0	142	142
244	('NOOOOOOO my DVR just died and I was only half way through the EA presser. Hate you Time Warner', 0)	0	143	143
245	('F*ck Time Warner Cable!!! You f*cking suck balls!!! I have a $700 HD tv &amp; my damn HD channels hardly ever come in. Bullshit!!', 0)	0	144	144
246	"(""i won't ever use time warner again"", 63)"	0	145	145
247	"(""i won't ever use time warner again"", 63)"	0	145	145
248	"(""i won't ever use time warner again"", 63)"	0	145	145
249	"(""i won't ever use time warner again"", 63)"	0	145	145
250	('Time warner is the devil. Worst possible time for the Internet to go out.', 0)	0	146	146
251	('Fuck no internet damn time warner!', 0)	0	147	147
252	('time warner really picks the worst time to not work. all i want to do is get to mtv.com so i can watch the hills. wtfffff.', 0)	0	148	148
253	('I hate Time Warner! Soooo wish I had Vios. Cant watch the fricken Mets game w/o buffering. I feel like im watching free internet porn.', 0)	0	149	149
254	('Ahh...got rid of stupid time warner today &amp; now taking a nap while the roomies cook for me. Pretty good end for a monday :)', 0)	0	150	150
255	('the hd line up by time warner is poor', 33)	0	151	151
256	('the hd line up by time warner is poor', 33)	0	151	151
257	('the hd line up by time warner is poor', 33)	0	151	151
258	('the hd line up by time warner is poor', 33)	0	151	151
259	('and susan boyle sucks too', 83)	0	152	152
260	('and susan boyle sucks too', 83)	0	152	152
261	"(""time warner cable pulls the plug on 'the girlfriend experience' - wwwtinyurlcomm595fk"", 15)"	1	153	153
262	('Time Warner Cable slogan: Where calling it a day at 2pm Happens.', 0)	0	154	154
263	('Rocawear Heads to China, Building 300 Stores  - http://tinyurl.com/nofet3', 0)	1	155	155
264	('Climate focus turns to Beijing: The United Nations, the US and European governments have called on China to co-o.. http://tinyurl.com/lto92n', 0)	1	156	156
265	"(""myfoxdc Barrie Students Back from Trip to China: A Silver Spring high school's class trip to China has en.. http://tinyurl.com/nlhqba"", 0)"	1	157	157
266	('http://xi.gs/04FO GM CEO: China will continue to be key partner', 0)	1	159	159
267	('is now the time to buy a gm car?', 48)	1	160	160
268	('Recovering from surgery..wishing @julesrenner was here :(', 0)	0	161	161
269	('My wrist still hurts. I have to get it looked at. I HATE the dr/dentist/scary places. :( Time to watch Eagle eye. If you want to join, txt!', 0)	2	162	162
270	"('THE DENTIST LIED! "" U WON\'T FEEL ANY DISCOMORT! PROB WON\'T EVEN NEED PAIN PILLS"" MAN U TWIPPIN THIS SHIT HURT!! HOW MANY PILLS CAN I TAKE!!', 0)"	0	164	164
271	('my dentist is great but', 44)	0	165	165
272	('my dentist is great but', 44)	0	165	165
273	('@kirstiealley Pet Dentist http://www.funnyville.com/fv/pictures/dogdentures.shtml', 0)	1	166	166
274	('is studing math ;) tomorrow exam and dentist :)', 0)	2	167	167
275	('my dentist', 31)	0	168	168
276	('my dentist', 31)	0	168	168
277	('my dentist', 31)	0	168	168
278	('after that you go to the dentist', 22)	0	169	169
279	('after that you go to the dentist', 22)	0	169	169
280	('Son has me looking at cars online.  I hate car shopping.  Would rather go to the dentist!  Anyone with a good car at a good price to sell?', 0)	0	170	170
281	('NCAA Baseball Super Regional - Rams Club http://bit.ly/Ro7nx', 0)	1	171	171
282	('just started playing Major League Baseball 2K9. http://raptr.com/H3LLGWAR', 0)	1	172	172
283	('cardinals head to the super regionals friday to play cs-fullerton', 48)	1	173	173
284	('cardinals head to the super regionals friday to play cs-fullerton', 48)	1	173	173
285	('cardinals head to the super regionals friday to play cs-fullerton', 48)	1	173	173
286	('Sony coupon code.. Expires soon.. http://www.coupondork.com/r/1796', 0)	1	174	174
287	('waiting in line at safeway.', 0)	1	175	175
288	('luke and i were asked to open our pockets and get our shirts', 79)	0	176	176
289	('luke and i were asked to open our pockets and get our shirts', 79)	0	176	176
290	"(""didn't know there's a gym above safeway"", 23)"	1	177	177
291	"(""didn't know there's a gym above safeway"", 23)"	1	177	177
292	"(""didn't know there's a gym above safeway"", 23)"	1	177	177
293	"(""didn't know there's a gym above safeway"", 23)"	1	177	177
294	"(""didn't know there's a gym above safeway"", 23)"	1	177	177
295	"('@XPhile1908 I have three words for you: ""Safeway dot com""', 0)"	1	178	178
296	('safeway is rock n roll tonight', 17)	2	179	179
297	('safeway is rock n roll tonight', 17)	2	179	179
298	('Bout to hit safeway I gotta eat', 0)	1	180	180
299	('jake will go to the safeway', 20)	1	181	181
300	('jake will go to the safeway', 20)	1	181	181
301	('jake will go to the safeway', 20)	1	181	181
302	('Found a safeway. Picking up a few staples.', 0)	1	182	182
303	('Safeway Super-marketing via mobile coupons http://bit.ly/ONH7w', 0)	1	183	183
304	('the safeway bathroom still smells assassins', 20)	0	184	184
305	('the safeway bathroom still smells assassins', 20)	0	184	184
306	"(""At safeway on elkhorn, they move like they're dead!"", 0)"	0	185	185
307	('Your Normal Weight (and How to Get There) ? Normal Eating Blog http://bit.ly/ZeT8O', 0)	1	186	186
308	('eating sashimi', 0)	1	188	188
309	('eating cake', 0)	1	190	190
310	"(""i love dwight howard's advertising for vitamin water"", 75)"	2	191	191
311	"(""i love dwight howard's advertising for vitamin water"", 75)"	2	191	191
312	('Found NOTHING at Nike Factory :/ Off to Banana Republic Outlet! http://myloc.me/2zic', 0)	0	192	192
313	('iPhone May Get Radio Tagging and Nike  : Recently-released iTunes version 8.2 suggests that VoiceOver functional.. http://tinyurl.com/oq5ctc', 0)	1	193	193
314	"(""is lovin his Nike  already and that's only from running on the spot in his bedroom"", 0)"	2	194	194
315	('Launched! http://imgsearch.net  #imgsearch #ajax #jquery #webapp', 0)	1	195	195
316	('@matthewcyan I finally got around to using jquery to make my bio collapse. Yay for slide animations.', 0)	2	196	196
317	('RT @jquery: The Ultimate jQuery List - http://jquerylist.com/', 0)	1	197	197
318	('I just extracted and open-sourced a jQuery plugin from Stormweight to highlight text with a regular expression: http://bit.ly/ybJKb', 0)	1	198	198
319	('@anna_debenham what was the php jquery hack?', 0)	1	199	199
320	('jQuery Cheat Sheet http://www.javascripttoolbox.com/jquery/cheatsheet/', 0)	1	200	200
321	('Beginning JavaScript and CSS Development with jQuery #javascript #css #jquery http://bit.ly/TO3e5', 0)	1	201	201
322	('i have high expectations warren buffet style', 47)	2	202	202
323	('rt blknprecious1 rt great dbroos someone sits in the shade today because someone planted a tree a long time ago', 35)	2	203	203
324	('rt blknprecious1 rt great dbroos someone sits in the shade today because someone planted a tree a long time ago', 35)	2	203	203
325	('rt blknprecious1 rt great dbroos someone sits in the shade today because someone planted a tree a long time ago', 35)	2	203	203
326	('warren buffet discusses the economy httppingfmlau0ps', 27)	1	204	204
327	('for a time warren buffet became the richest man in the united states not by working but by investing in 1 big idea which led to the fortune', 24)	2	205	205
328	('for a time warren buffet became the richest man in the united states not by working but by investing in 1 big idea which led to the fortune', 24)	2	205	205
329	('According to the create a school, Notre Dame will have 7 receivers in NCAA 10 at 84 or higher rating :) *sweet*', 0)	2	206	206
330	"(""All-Star Basketball Classic Tuesday Features Top Talent: Chattanooga's Notre Dame High School will play host.. http://bit.ly/qltJA"", 0)"	1	207	207
331	"(""@BlondeBroad it's definitely under warranty &amp; my experience is the amazon support for kindle is great! had to contact them about my kindle2"", 0)"	2	208	208
332	('RT Look, Available !Amazon Kindle2 &amp; Kindle DX, Get it Here: http://short.to/87ub The Top Electronic Book Reader Period, free 2 day ship ...', 0)	1	209	209
333	('time warner road runner customer support is so dismal', 96)	0	210	210
334	('time warner road runner customer support is so dismal', 96)	0	210	210
335	('Time Warner cable phone reps r dumber than nails!!!!! UGH! Cable was working 10 mins ago now its not WTF!', 0)	0	211	211
336	"(""@siratomofbones we tried but Time Warner wasn't being nice so we recorded today. :)"", 0)"	0	212	212
337	"(""OMG - time warner f'ed up my internet install - instead of today  its now NEXT saturday - another week w/o internet! &amp;$*ehfa^V9fhg[*# fml."", 0)"	0	213	213
338	('i have never seen such an odd line before with warner', 53)	0	214	214
339	"(""i'm impatient for the arrival of the time warner guy"", 69)"	0	215	215
340	"(""i'm impatient for the arrival of the time warner guy"", 69)"	0	215	215
341	('roger federer is accosted by a man during the french open httpffim3hcpt', 37)	1	216	216
342	('roger federer is accosted by a man during the french open httpffim3hcpt', 37)	1	216	216
343	('Naive Bayes using EM for Text Classification. Really Frustrating...', 0)	0	217	217
344	"(""We went to Stanford University today. Got a tour. Made me want to go back to college. It's also decided all of our kids will go there."", 0)"	2	218	218
345	('Investigation pending on death of Stanford CS prof / Google mentor Rajeev Motwani http://bit.ly/LwOUR tip @techmeme', 0)	1	219	219
346	"(""I'm going to bed. It was a successful weekend. Stanford, here I come."", 0)"	1	220	220
347	"(""@KarrisFoxy If you're being harassed by calls about your car warranty, changing your number won't fix that. They call every number. #d-bags"", 0)"	0	221	221
348	('Just blocked United Blood Services using Google Voice. They call more than those Car Warranty guys.', 0)	0	222	222
349	('#at&amp;t is complete fail.', 0)	0	223	223
350	"(""@broskiii OH SNAP YOU WORK AT AT&amp;T DON'T YOU"", 0)"	0	224	224
351	('@Mbjthegreat i really dont want AT&amp;T phone service..they suck when it comes to having a signal', 0)	0	225	225
352	"(""I say we just cut out the small talk: AT&amp;T's new slogan: F__k you, give us your money. (Apologies to Bob Geldof.)"", 0)"	0	226	226
353	"(""pissed about at&amp;t's mid-contract upgrade price for the iPhone (it's $200 more) I'm not going to pay $499 for something I thought was $299"", 0)"	0	227	227
354	('Safari 4 is fast :) Even on my shitty AT&amp;T tethering.', 0)	0	228	228
355	('@ims What is AT&amp;T fucking up?', 0)	0	229	229
356	"(""@springsingfiend @dvyers @sethdaggett @jlshack AT&amp;T dropped the ball and isn't supporting crap with the new iPhone 3.0... FAIL #att SUCKS!!!"", 0)"	0	230	230
357	('@MMBarnhill yay, glad you got the phone! Still, damn you, AT&amp;T.', 0)	0	231	231
358	('Google Wave Developer Sandbox Account Request http://bit.ly/2NYlc', 0)	1	232	232
359	('Talk is Cheap: Bing that, I?ll stick with Google. http://bit.ly/XC3C8', 0)	0	233	233
360	"(""what's the point of deleting tweets when they can still be found in summary and searches?"", 71)"	0	234	234
361	('mattcutts google profiles are not displayed on searches?', 56)	1	235	235
362	('mattcutts google profiles are not displayed on searches?', 56)	1	235	235
363	('@ArunBasilLal I love Google Translator too ! :D Good day mate !', 0)	2	236	236
364	('reading on my new Kindle2!', 0)	2	237	237
365	('my kindle 2 is here and i love it ', 20)	2	238	238
366	"('LOVING my new Kindle2.  Named her Kendra in case u were wondering. The ""cookbook"" is THE tool cuz it tells u all the tricks!  Best gift EVR!', 0)"	2	239	239
367	('The real AIG scandal / http://bit.ly/b82Px', 0)	0	240	240
368	('are there any apps for using twitter for aprs?', 31)	1	241	241
369	('45 Pros You Should Be Following on Twitter - http://is.gd/sMbZ', 0)	1	242	242
370	('Obama is quite a good comedian! check out his dinner speech on CNN :) very funny jokes.', 0)	2	243	243
371	"('\' Barack Obama shows his funny side "" &gt;&gt; http://tr.im/l0gY !! Great speech..', 0)"	2	244	244
372	"('I like this guy : \' Barack Obama shows his funny side "" &gt;&gt; http://tr.im/l0gY !!', 0)"	2	245	245
373	"(""Obama's speech was pretty awesome last night! http://bit.ly/IMXUM"", 0)"	2	246	246
374	"(""Obama More Popular Than U.S. Among Arabs: Survey: President Barack Obama's popularity in leading Arab countries .. http://tinyurl.com/prlvqu"", 0)"	2	248	248
375	"(""Obama's got JOKES!! haha just got to watch a bit of his after dinner speech from last night... i'm in love with mr. president ;)"", 0)"	2	249	249
376	('lebron james got in a car accident right?', 109)	0	250	250
377	('is it me or is this the best the playoffs have been in years oh yea lebron and melo in the finals', 0)	2	251	251
378	('Watching Lebron highlights. Damn that niggas good', 0)	2	254	254
379	"(""@uscsports21 LeBron is a monsta and he is only 24. SMH The world ain't ready."", 0)"	2	256	256
380	"(""@cthagod when Lebron is done in the NBA he will probably be greater than Kobe. Like u said Kobe is good but there alot of 'good' players."", 0)"	2	257	257
381	('KOBE IS GOOD BT LEBRON HAS MY VOTE', 0)	2	258	258
382	"(""@asherroth World Cup 2010 Access?? Damn, that's a good look!"", 0)"	2	260	260
383	('Just bought my tickets for the 2010 FIFA World Cup in South Africa. Its going to be a great summer. http://bit.ly/9GEZI', 0)	2	261	261
384	"(""Share: Disruption...Fred Wilson's slides for his talk at Google HQ  http://bit.ly/Bo8PG"", 0)"	1	262	262
385	('i have to go to booz allen hamilton for a two hour meeting  and then i have to go home ', 28)	0	263	263
386	('i have to go to booz allen hamilton for a two hour meeting  and then i have to go home ', 28)	0	263	263
387	('i have to go to booz allen hamilton for a two hour meeting  and then i have to go home ', 28)	0	263	263
388	('i have to go to booz allen hamilton for a two hour meeting  and then i have to go home ', 28)	0	263	263
389	('i have to go to booz allen hamilton for a two hour meeting  and then i have to go home ', 28)	0	263	263
390	('The great Indian tamasha truly will unfold from May 16, the result day for Indian General Election.', 0)	2	264	264
391	"(""@crlane I have the Kindle2. I've seen pictures of the DX, but haven't seen it in person. I love my Kindle - I'm on it everyday."", 0)"	2	265	265
392	('@criticalpath Such an awesome idea - the  continual learning program with a Kindle2  http://bit.ly/1ZLfF', 0)	2	266	266
393	('ok.. do nothing.. just thinking about 40D', 0)	1	267	267
394	('@faithbabywear Ooooh, what model are you getting??? I have the 40D and LOVE LOVE LOVE LOVE it!', 0)	2	268	268
395	"(""The Times of India: The wonder that is India's election. http://bit.ly/p7u1H"", 0)"	2	269	269
396	('http://is.gd/ArUJ Good video from Google on using search options.', 0)	2	270	270
397	('@ambcharlesfield lol. Ah my skin is itchy :( damn lawnmowing.', 0)	0	271	271
398	('itchy back!! dont ya hate it!', 0)	0	272	272
399	('Stanford Charity Fashion Show a top draw http://cli.gs/NeNuAH', 0)	2	273	273
400	('facebook profile of stanford university is one of the most popular official university pages', 63)	2	274	274
401	('SOOO DISSAPOiNTED THEY SENT DANNY GOKEY HOME... YOU STiLL ROCK ...DANNY ... MY HOMETOWN HERO !! YEAH MiLROCKEE!!', 0)	2	276	276
402	"(""RT @PassionModel 'American Idol' fashion: Adam Lambert tones down, Danny Gokey cute ... http://cli.gs/7JWSHV"", 0)"	2	277	277
403	('dannygokey i love you danny gokey ', 13)	2	278	278
404	('RT @justindavey: RT @tweetmeme GM OnStar now instantly sends accident location coordinates to 911 | GPS Obsessed http://bit.ly/16szL1', 0)	1	279	279
405	"(""i was so tired last night i didn't sleep"", 42)"	0	280	280
406	"(""i was so tired last night i didn't sleep"", 42)"	0	280	280
407	"(""i was so tired last night i didn't sleep"", 42)"	0	280	280
408	('Boarding plane for San Francisco in 1 hour; 6 hr flight. Blech.', 0)	0	281	281
409	('i have a backache from last night', 39)	0	282	282
410	('i have a backache from last night', 39)	0	282	282
411	('i have a backache from last night', 39)	0	282	282
412	('i have a backache from last night', 39)	0	282	282
413	('i have a backache from last night', 39)	0	282	282
414	('i have a backache from last night', 39)	0	282	282
415	('breakers. in San Francisco, CA http://loopt.us/4v88Bw.t', 0)	1	283	283
416	('moving towards san francisco', 21)	1	284	284
417	('with my best girl for another few hours in san francisco', 47)	2	285	285
418	('with my best girl for another few hours in san francisco', 47)	2	285	285
419	('with my best girl for another few hours in san francisco', 47)	2	285	285
420	('with my best girl for another few hours in san francisco', 47)	2	285	285
421	('F*** up big, or go home - AIG', 0)	0	286	286
422	('i went to see star trek last night', 40)	2	287	287
423	('i went to see star trek last night', 40)	2	287	287
424	"(""i can't wait to see star trek tonight"", 18)"	2	288	288
425	('i love the new book by malcolm gladwell', 37)	2	290	290
426	('i love the new book by malcolm gladwell', 37)	2	290	290
427	('i love the new book by malcolm gladwell', 37)	2	290	290
428	('i love the new book by malcolm gladwell', 37)	2	290	290
429	('i love the new book by malcolm gladwell', 37)	2	290	290
430	('i love the new book by malcolm gladwell', 37)	2	290	290
431	('i love the new book by malcolm gladwell', 37)	2	290	290
432	('i love the new book by malcolm gladwell', 37)	2	290	290
433	"(""i highly recommend malcolm gladwell's tipping point"", 74)"	2	291	291
434	"(""malcolm gladwell is so good at tricking people into not realizing that he's a fucking idiot"", 24)"	0	292	292
435	('@sportsguy33 hey no offense but malcolm gladwell is a pretenious, annoying cunt and he brings you down. cant read his shit', 0)	0	293	293
436	('RT @clashmore: http://bit.ly/SOYv7  Great article by Malcolm Gladwell.', 0)	2	294	294
437	('i really underestimated malcolm gladwell', 46)	2	295	295
438	('i really underestimated malcolm gladwell', 46)	2	295	295
439	('i really underestimated malcolm gladwell', 46)	2	295	295
440	('i really underestimated malcolm gladwell', 46)	2	295	295
441	('i really underestimated malcolm gladwell', 46)	2	295	295
442	('what am i supposed to do about comcast?', 84)	0	296	296
443	('comcast sucks', 13)	0	297	297
444	"(""the day i don't have to deal with comcast again will be considered one of my best days"", 44)"	0	298	298
445	('@Dommm did comcast fail again??', 0)	0	299	299
446	('how does the twitter api work?', 42)	1	300	300
447	('how does the twitter api work?', 42)	1	300	300
448	('curses the Twitter API limit', 0)	0	301	301
449	('Now I can see why Dave Winer screams about lack of Twitter API, its limitations and access throttles!', 0)	0	302	302
450	('testing the twitter api', 16)	1	303	303
451	"(""twitter's api is driving me nuts"", 29)"	0	304	304
452	"(""twitter's api is driving me nuts"", 29)"	0	304	304
453	"(""twitter's api is driving me nuts"", 29)"	0	304	304
454	"(""twitter's api is driving me nuts"", 29)"	0	304	304
455	"(""twitter's api is driving me nuts"", 29)"	0	304	304
456	('Testing Twitter API. Remote Update', 0)	1	305	305
457	"(""i'm really loving wolfram alpha's new search engine"", 90)"	2	306	306
458	"(""i'm really loving wolfram alpha's new search engine"", 90)"	2	306	306
459	('#wolfram Alpha SUCKS! Even for researchers the information provided is less than you can get from #google or #wikipedia, totally useless!', 0)	0	307	307
460	"(""off to nike's factory"", 18)"	2	308	308
461	"(""off to nike's factory"", 18)"	2	308	308
462	"(""off to nike's factory"", 18)"	2	308	308
463	('New nike muppet commercials are pretty cute. Why do we live together again?', 0)	2	309	309
464	('New blog post: Nike Zoom LeBron Soldier 3 (III) - White / Black - Teal http://bit.ly/rouUS', 0)	1	310	310
465	('New blog post: Nike Trainer 1 http://bit.ly/394bp', 0)	1	311	311
466	"(""fraggle312 they're great i love them  i wish they weren't owned by nike"", 34)"	0	312	312
467	"(""fraggle312 they're great i love them  i wish they weren't owned by nike"", 34)"	0	312	312
468	"(""it's a weka bug i spent nearly two hours trying to find it out"", 51)"	0	314	314
469	"(""it's a weka bug i spent nearly two hours trying to find it out"", 51)"	0	314	314
470	"(""it's a weka bug i spent nearly two hours trying to find it out"", 51)"	0	314	314
471	"(""@mitzs hey bud :) np I do so love my 50D, although I'd love a 5D mkII more"", 0)"	2	315	315
472	('@jonduenas @robynlyn just got us a 50D for the office. :D', 0)	2	316	316
473	"(""Just picked up my new Canon 50D...it's beautiful!!  Prepare for some seriously awesome photography!"", 0)"	2	317	317
474	('Just got my new toy. Canon 50D. Love love love it!', 0)	2	318	318
475	('Learning about lambda calculus :)', 0)	2	319	319
476	('#jobs #sittercity Help with taking care of sick child (East Palo Alto, CA) http://tinyurl.com/qwrr2m', 0)	1	320	320
477	('i am moving to east palo alto', 13)	2	321	321
478	('i am moving to east palo alto', 13)	2	321	321
479	('i just finished watching your stanford iphone class', 63)	2	322	322
480	('i just finished watching your stanford iphone class', 63)	2	322	322
481	('i just finished watching your stanford iphone class', 63)	2	322	322
482	('i just finished watching your stanford iphone class', 63)	2	322	322
483	('i just finished watching your stanford iphone class', 63)	2	322	322
484	('i just finished watching your stanford iphone class', 63)	2	322	322
485	('@jktweet Hi! Just saw your Stanford talk and really liked your advice. Just saying Hi from Singapore (yes the videos do get around)', 0)	2	323	323
486	('Ethics and nonprofits - http://bit.ly/qsXRp  #stanford #socialentrepreneurship', 0)	1	325	325
487	"(""let's go lakers tonight"", 20)"	2	326	326
488	"(""let's go lakers tonight"", 20)"	2	326	326
489	('will the lakers kick nuggets ass tonight?', 16)	2	327	327
490	('will the lakers kick nuggets ass tonight?', 16)	2	327	327
491	('oooooooooh north korea is in trouble httpbitly19epah', 24)	0	328	328
492	('oooooooooh north korea is in trouble httpbitly19epah', 24)	0	328	328
493	('what exactly is north korea doing? why did they conduct such tests?', 100)	0	329	329
494	('Listening to Obama... Friggin North Korea...', 0)	0	330	330
495	('I just realized we three monkeys in the white Obama.Biden,Pelosi . Sarah Palin 2012', 0)	0	331	331
496	('foxnews said pelosi should stay in china and never return', 26)	0	332	332
497	('foxnews said pelosi should stay in china and never return', 26)	0	332	332
498	('foxnews said pelosi should stay in china and never return', 26)	0	332	332
499	('foxnews said pelosi should stay in china and never return', 26)	0	332	332
500	"(""Nancy Pelosi gave the worst commencement speech I've ever heard. Yes I'm still bitter about this"", 0)"	0	333	333
501	"(""ugh i've had these weird insects bite me several times"", 53)"	0	334	334
502	"(""ugh i've had these weird insects bite me several times"", 53)"	0	334	334
503	"(""ugh i've had these weird insects bite me several times"", 53)"	0	334	334
504	('Prettiest insects EVER - Pink Katydids: http://bit.ly/2Upw2p', 0)	2	335	335
505	('i have been attacked by a horde of insects hunting for my kitchen light', 35)	0	336	336
506	('i have been attacked by a horde of insects hunting for my kitchen light', 35)	0	336	336
507	('i have been attacked by a horde of insects hunting for my kitchen light', 35)	0	336	336
508	"(""i just had mcdonald's for dinner"", 47)"	2	337	337
509	"(""i just had mcdonald's for dinner"", 47)"	2	337	337
510	"(""i just had mcdonald's for dinner"", 47)"	2	337	337
511	"(""i just had mcdonald's for dinner"", 47)"	2	337	337
512	('AHH YES LOL IMA TELL MY HUBBY TO GO GET ME SUM MCDONALDS =]', 0)	2	338	338
513	('i stopped to have lunch at mcdonalds chicken nuggetssssss  yummmmmy', 16)	2	339	339
514	"(""you could go out for a lot of mcdonald's"", 31)"	2	340	340
515	"(""you could go out for a lot of mcdonald's"", 31)"	2	340	340
516	('my test went well', 53)	2	341	341
517	('my test went well', 53)	2	341	341
518	('my test went well', 53)	2	341	341
519	"(""only one exam left and i'm so glad for it d"", 20)"	2	342	342
520	"(""only one exam left and i'm so glad for it d"", 20)"	2	342	342
521	"(""only one exam left and i'm so glad for it d"", 20)"	2	342	342
522	"(""only one exam left and i'm so glad for it d"", 20)"	2	342	342
523	"(""only one exam left and i'm so glad for it d"", 20)"	2	342	342
524	"(""only one exam left and i'm so glad for it d"", 20)"	2	342	342
525	"(""only one exam left and i'm so glad for it d"", 20)"	2	342	342
526	"(""only one exam left and i'm so glad for it d"", 20)"	2	342	342
527	"(""i'll fail the math study"", 40)"	0	343	343
528	"(""i'll fail the math study"", 40)"	0	343	343
529	"(""i'll fail the math study"", 40)"	0	343	343
530	"(""i'll fail the math study"", 40)"	0	343	343
531	"(""i'll fail the math study"", 40)"	0	343	343
532	"(""i'll fail the math study"", 40)"	0	343	343
533	('powell is a man of honour and proudly served our country', 108)	0	344	344
534	('powell is a man of honour and proudly served our country', 108)	0	344	344
535	('obviously not siding with Cheney here: http://bit.ly/19j2d', 0)	0	345	345
536	('Absolutely hilarious!!! from @mashable:  http://bit.ly/bccWt', 0)	2	346	346
537	('@mashable I never did thank you for including me in your Top 100 Twitter Authors! You Rock! (&amp; I New Wave :-D) http://bit.ly/EOrFV', 0)	2	347	347
538	('RT @shrop: Awesome JQuery reference book for Coda! http://www.macpeeps.com/coda/ #webdesign', 0)	2	349	349
539	"(""i've been sending e-mails like crazy to my contacts today does anyone have a contact with goodby silverstein? i'd love to talk to them"", 35)"	2	350	350
540	('Adobe CS4 commercial by Goodby Silverstein: http://bit.ly/1aikhF', 0)	1	351	351
541	"(""i like goodby silverstein's new website"", 57)"	2	352	352
542	"(""Wow everyone at the Google I/O conference got free G2's with a month of unlimited service"", 0)"	2	353	353
543	('@vkerkez dood I got a free google android phone at the I/O conference. The G2!', 0)	2	354	354
544	('@Orli the G2 is amazing btw, a HUGE improvement over the G1', 0)	2	355	355
545	"(""HTML 5 Demos! Lots of great stuff to come! Yes, I'm excited. :) http://htmlfive.appspot.com #io2009 #googleio"", 0)"	2	356	356
546	('@googleio http://twitpic.com/62shi - Yay! Happy place! Place place!  I love Google!', 0)	2	357	357
547	('#GoogleIO | O3D - Bringing 3d graphics to the browser. Very nice tbh. Funfun.', 0)	2	358	358
548	"(""watching a show about hitler's life only added to my geekiness about history"", 50)"	1	360	360
549	"(""watching a show about hitler's life only added to my geekiness about history"", 50)"	1	360	360
550	"(""watching a show about hitler's life only added to my geekiness about history"", 50)"	1	360	360
551	('they saw night at the museum out of desperation', 45)	0	361	361
552	('they saw night at the museum out of desperation', 45)	0	361	361
553	('Watching Night at the Museum - giggling.', 0)	2	363	363
554	('jenna i went to see night at the museum 2 today and was so surprised to see three cast members from the office', 32)	1	364	364
555	('jenna i went to see night at the museum 2 today and was so surprised to see three cast members from the office', 32)	1	364	364
556	('going to watch the night at the museum with ryan and stacy', 21)	1	365	365
557	('Getting ready to go watch Night at the Museum 2.  Dum dum, you give me gum gum!', 0)	1	366	366
558	"(""Back from seeing 'Star Trek' and 'Night at the Museum.' 'Star Trek' was amazing, but 'Night at the Museum' was; eh."", 0)"	0	367	367
559	"(""So, Night at the Museum 2 was AWESOME! Much better than part 1. Next weekend we'll see Up."", 0)"	2	369	369
560	('i think i have a new favorite restaurant', 58)	1	370	370
561	('i think i have a new favorite restaurant', 58)	1	370	370
562	"(""UP! was sold out, so i'm seeing Night At The Museum 2. I'm __ years old."", 0)"	1	371	371
563	('saw the new Night at the Museum and i loved it. Next is to go see UP in 3D', 0)	2	372	372
564	('what do you think of gm if they decide only to make the vehicles the white house plans to sell?', 76)	0	373	373
565	('what do you think of gm if they decide only to make the vehicles the white house plans to sell?', 76)	0	373	373
566	('As u may have noticed, not too happy about the GM situation, nor AIG, Lehman, et al', 0)	0	374	374
567	('Obama: Nationalization of GM to be short-term   (AP) http://tinyurl.com/md347r', 0)	1	375	375
568	('@Pittstock $GM good riddance.  sad though.', 0)	0	376	376
569	('I Will NEVER Buy a Government Motors Vehicle: Until just recently, I drove GM cars. Since 1988, when I bought a .. http://tinyurl.com/lulsw8', 0)	0	377	377
570	"(""it's silly to have the old coca-cola man on the board"", 50)"	0	378	378
571	"(""it's silly to have the old coca-cola man on the board"", 50)"	0	378	378
572	('#RantsAndRaves The worst thing about GM (concord / pleasant hill / martinez): is the fucking UAW. ..   http://buzzup.com/4ueb', 0)	0	379	379
573	('Give a man a fish, u feed him for the day. Teach him to fish, u feed him for life. Buy him GM, and u F**K him over for good.', 0)	0	380	380
574	('The more I hear about this GM thing the more angry I get. Billions wasted, more bullshit. All for something like 40k employees and all the..', 0)	0	381	381
575	('@QuantTrader i own a GM car and it is junk as far as quality compared to a honda', 0)	0	382	382
576	('sad day...bankrupt GM', 0)	0	383	383
577	('is upset about the whole GM thing. life as i know it is so screwed up', 0)	0	384	384
578	('someone running time warner needs to be raped by a rhino to be able to understand the consequences of giving out cable svcs', 51)	0	385	385
579	('someone running time warner needs to be raped by a rhino to be able to understand the consequences of giving out cable svcs', 51)	0	385	385
580	('Time Warner CEO hints at online fees for magazines      (AP) - Read from Mountain View,United States. Views 16209 http://bit.ly/UdFCH', 0)	1	386	386
581	('#WFTB Joining a bit late. My connection was down (boo time warner)', 0)	0	387	387
582	('Cox or Time Warner?  Cox is cheaper and gets a B on dslreports.  TW is more expensive and gets a C.', 0)	0	388	388
583	"(""i'm outraged by time warner's promotions on mobiles"", 43)"	0	389	389
584	"(""i'm outraged by time warner's promotions on mobiles"", 43)"	0	389	389
585	"(""i'm outraged by time warner's promotions on mobiles"", 43)"	0	389	389
586	"(""i'm outraged by time warner's promotions on mobiles"", 43)"	0	389	389
587	"(""i'm outraged by time warner's promotions on mobiles"", 43)"	0	389	389
588	"(""i'm outraged by time warner's promotions on mobiles"", 43)"	0	389	389
589	"(""i'm outraged by time warner's promotions on mobiles"", 43)"	0	389	389
590	"(""i'm outraged by time warner's promotions on mobiles"", 43)"	0	389	389
591	"(""i've just returned home from chick-fil-a with the boys"", 61)"	0	390	390
592	"(""i've just returned home from chick-fil-a with the boys"", 61)"	0	390	390
593	"(""i've just returned home from chick-fil-a with the boys"", 61)"	0	390	390
594	('could time-warner tv cable suck?', 25)	0	391	391
595	('could time-warner tv cable suck?', 25)	0	391	391
596	"(""i'm unhappy with time warner for creating a slow internet connection"", 40)"	0	392	392
597	"(""i'm unhappy with time warner for creating a slow internet connection"", 40)"	0	392	392
598	"(""i'm unhappy with time warner for creating a slow internet connection"", 40)"	0	392	392
599	"(""i'm unhappy with time warner for creating a slow internet connection"", 40)"	0	392	392
600	"(""i'm unhappy with time warner for creating a slow internet connection"", 40)"	0	392	392
601	('sportsguy33 is there any time warner problem?', 27)	0	393	393
602	('why does time warner suck their asses?', 114)	0	394	394
603	('why does time warner suck their asses?', 114)	0	394	394
604	('why does time warner suck their asses?', 114)	0	394	394
605	"(""RT @sportsguy33 The upside to Time Warner: unhelpful phone operators   superslow on-site service. Crap, that's not an upside."", 0)"	0	395	395
606	"('RT @sportsguy33: New Time Warner slogan: ""Time Warner, where we make you long for the days before cable.""', 0)"	0	396	396
607	"(""confirmed: it's Time Warner's fault, not Facebook's, that fb is taking about 3 minutes to load. so tempted to switch to verizon =/"", 0)"	0	397	397
608	('@sportsguy33 Time Warner = epic fail', 0)	0	398	398
609	('Lawson to head Newedge Hong Kong http://bit.ly/xLQSD #business #china', 0)	1	399	399
610	('Weird Piano Guitar House in China! http://u2s.me/72i8', 0)	1	400	400
611	('Send us your GM/Chevy photos http://tinyurl.com/luzkpq', 0)	1	401	401
612	"(""I know. How sad is that?  RT @caseymercier: 1st day of hurricane season. That's less scarey than govt taking over GM."", 0)"	0	402	402
613	('gm bankruptcy is not a good sign', 24)	0	403	403
614	('yankees won mets lost. its a good day.', 0)	2	404	404
615	('my dentist appointment today was actually very fun', 33)	2	405	405
616	('my dentist appointment today was actually very fun', 33)	2	405	405
617	('my dentist appointment today was actually very fun', 33)	2	405	405
618	('my dentist appointment today was actually very fun', 33)	2	405	405
619	('my dentist appointment today was actually very fun', 33)	2	405	405
620	('my dentist appointment today was actually very fun', 33)	2	405	405
621	('my dentist appointment today was actually very fun', 33)	2	405	405
622	('my dentist appointment today was actually very fun', 33)	2	405	405
623	('i hate him', 29)	0	406	406
624	('i hate him', 29)	0	406	406
625	('i hate him', 29)	0	406	406
626	('i hate him', 29)	0	406	406
627	('stevemoakler i just saw a dentist today and we had the same conversation', 36)	1	407	407
628	('stevemoakler i just saw a dentist today and we had the same conversation', 36)	1	407	407
629	('stevemoakler i just saw a dentist today and we had the same conversation', 36)	1	407	407
630	"(""kirstiealley i don't like going to the dentist"", 23)"	0	408	408
631	('i hate the dentist', 42)	0	409	409
632	('i hate the dentist', 42)	0	409	409
633	('i hate the dentist', 42)	0	409	409
634	"(""the dentist's office is cold "", 16)"	0	410	410
635	"(""the dentist's office is cold "", 16)"	0	410	410
636	('Check this video out -- David After Dentist http://bit.ly/47aW2', 0)	1	411	411
637	('first dentist appointment in years could occur this wednesday', 35)	1	412	412
638	"(""Tom Shanahan's latest column on SDSU and its NCAA Baseball Regional appearance: http://ow.ly/axhu"", 0)"	1	413	413
639	('BaseballAmerica.com: Blog: Baseball America Prospects Blog ? Blog ... http://bit.ly/EtT8a', 0)	1	414	414
640	('Portland city politics may undo baseball park http://tinyurl.com/lpjquj', 0)	1	415	415
641	"(""RT @WaterSISWEB: CA Merced's water bottled by Safeway, resold at a profit: Wells are drying up across the county http://tinyurl.com/mb573s"", 0)"	1	416	416
642	('he dropped her broccoli while she was walking from the safeway', 40)	1	417	417
643	"(""@ronjon we don't have Safeway."", 0)"	1	418	418
644	('i just applied at safeway', 19)	2	419	419
645	"(""safeway it's a nightmare right now"", 31)"	0	420	420
646	"(""safeway it's a nightmare right now"", 31)"	0	420	420
647	"(""safeway it's a nightmare right now"", 31)"	0	420	420
648	('at safeway with dad', 0)	1	421	421
649	('HATE safeway select green tea icecream! bought two cartons, what a waste of money.  &gt;_&lt;', 0)	0	422	422
650	('Safeway with Marvin, Janelle, and Auntie Lhu', 0)	1	423	423
651	('safeway offers mobile coupons httpbitlyonh7wy', 21)	1	424	424
652	('safeway offers mobile coupons httpbitlyonh7wy', 21)	1	424	424
653	('Phillies Driving in the Cadillac with the Top Down in Cali, Win 5-3 - http://tinyurl.com/nzcjqa', 0)	1	425	425
654	('saved money by opting for a grocery trip and stocking food in the refrigerator of the hotel room versus eating out every night while out of town', 52)	1	426	426
655	('saved money by opting for a grocery trip and stocking food in the refrigerator of the hotel room versus eating out every night while out of town', 52)	1	426	426
656	('lounging around eating taco bell and watching ncis before work tonight', 38)	1	427	427
657	('lounging around eating taco bell and watching ncis before work tonight', 38)	1	427	427
658	('breakfast before school', 26)	1	428	428
659	('when you eat and you are still hungry', 34)	1	429	429
660	('with the boyfriend, eating a quesadilla', 0)	1	431	431
661	('Eating dinner. Meat, chips, and risotto.', 0)	1	432	432
662	('i just bought some new nike shoes', 39)	1	433	433
663	"('Nike SB Blazer High ""ACG"" Custom - Brad Douglas - http://timesurl.at/45a448', 0)"	1	434	434
664	"(""Nike rocks. I'm super grateful for what I've done with them :) &amp; the European Division of NIKE is BEYOND! @whitSTYLES @muchasmuertes"", 0)"	2	435	435
665	('@evelynbyrne have you tried Nike  ? V. addictive.', 0)	2	437	437
666	"(""@erickoston That looks an awful lot like one of Nike's private jets....I'm just sayin...."", 0)"	1	438	438
667	('the beta iphone app of nike training club looks very interesting', 36)	2	439	439
668	('the beta iphone app of nike training club looks very interesting', 36)	2	439	439
669	('the beta iphone app of nike training club looks very interesting', 36)	2	439	439
670	('the beta iphone app of nike training club looks very interesting', 36)	2	439	439
671	('the beta iphone app of nike training club looks very interesting', 36)	2	439	439
672	('the beta iphone app of nike training club looks very interesting', 36)	2	439	439
673	"(""why wouldn't my query on safari be used in this program?"", 52)"	0	440	440
674	('DevSnippets : jQuery Tools - Javascript UI Components for the Web... http://inblogs.org/go/hfuqt', 0)	1	441	441
675	('all about Ajax,jquery ,css ,JavaScript and more... (many examples) http://ajaxian.com/', 0)	1	442	442
676	"(""i'm ready to drop the pretenses i'm forever in love with jquery and i want to marry it"", 61)"	2	443	443
677	"(""i was looking at google's chart apivisualization and found this jquery wrapper for the api httptinyurlcommq52bq"", 44)"	1	444	444
678	"(""i was looking at google's chart apivisualization and found this jquery wrapper for the api httptinyurlcommq52bq"", 44)"	1	444	444
679	"(""i was looking at google's chart apivisualization and found this jquery wrapper for the api httptinyurlcommq52bq"", 44)"	1	444	444
680	"(""i was looking at google's chart apivisualization and found this jquery wrapper for the api httptinyurlcommq52bq"", 44)"	1	444	444
681	('i spent most of my day reading a jquery book', 58)	1	445	445
682	('jquery Selectors http://codylindley.com/jqueryselectors/', 0)	1	446	446
683	('How to implement a news ticker with jQuery and ten lines of code http://bit.ly/CZnFJ', 0)	1	447	447
684	"(""What's Buffet Doing? Warren Buffett Kicks Butt In Battle of the Boots: Posted By:Alex Crippe.. http://bit.ly/AUIzO"", 0)"	1	448	448
685	('super investors a great weekend reading here by warren buffet', 67)	2	449	449
686	('super investors a great weekend reading here by warren buffet', 67)	2	449	449
687	"(""i couldn't come up with warren buffet's name to save my soul"", 34)"	1	450	450
688	"(""i also recommend reading michael palin's book the python years"", 85)"	2	451	451
689	"(""I mean, I'm down with Notre Dame if I have to.  It's a good school, I'd be closer to Dan, I'd enjoy it."", 0)"	2	452	452
690	"(""I can't watch TV without a Tivo.  And after all these years, the Time/Warner DVR  STILL sucks. http://www.davehitt.com/march03/twdvr.html"", 0)"	0	453	453
691	('I still love my Kindle2 but reading The New York Times on it does not feel natural. I miss the Bloomingdale ads.', 0)	0	455	455
692	('i love my kindle2 no more stacks of books to carry on the way to the loo', 23)	2	456	456
693	('i love my kindle2 no more stacks of books to carry on the way to the loo', 23)	2	456	456
694	"(""@sheridanmarfil - its not so much my obsession with cell phones, but the iphone!  i'm a slave to at&amp;t forever because of it. :)"", 0)"	0	458	458
695	('@freitasm oh I see. I thought AT&amp;T were 900MHz WCDMA?', 0)	1	459	459
696	('@Plip Where did you read about tethering support Phil?  Just AT&amp;T or will O2 be joining in?', 0)	1	460	460
697	('Fuzzball is more fun than AT&amp;T ;P http://fuzz-ball.com/twitter', 0)	0	461	461
698	('Today is a good day to dislike AT&amp;T. Vote out of office indeed, @danielpunkass', 0)	0	462	462
699	"(""GOT MY WAVE SANDBOX INVITE! Extra excited! Too bad I have class now... but I'll play with it soon enough! #io2009 #wave"", 0)"	2	463	463
700	('looks like summize has gone down. too many tweets from WWDC perhaps?', 0)	0	464	464
701	('i hope the girl at the office purchases my kindle2', 28)	1	465	465
702	('i hope the girl at the office purchases my kindle2', 28)	1	465	465
703	('i hope the girl at the office purchases my kindle2', 28)	1	465	465
704	('i hope the girl at the office purchases my kindle2', 28)	1	465	465
705	"(""Missed this insight-filled May column: One smart guy looking closely at why he's impressed with Kindle2 http://bit.ly/i0peY @wroush"", 0)"	1	466	466
706	('thank you so much from one of your very happy kindle2 winners', 82)	2	467	467
707	('Man I kinda dislike Apple right now. Case in point: the iPhone 3GS. Wish there was a video recorder app. Please?? http://bit.ly/DZm1T', 0)	0	468	468
708	('@cwong08 I have a Kindle2 (&amp; Sony PRS-500). Like it! Physical device feels good. Font is nice. Pg turns are snappy enuf. UI a little klunky.', 0)	2	469	469
709	('does the kindle 2 work for uk readers?', 70)	2	470	470
710	('thank you for pointing out annamartin123', 53)	2	471	471
711	('thank you for pointing out annamartin123', 53)	2	471	471
712	('rubygem my main debit card is visa electron', 18)	1	472	472
713	('going to the bank to get my new platinum visa card', 25)	1	473	473
714	('going to the bank to get my new platinum visa card', 25)	1	473	473
715	('going to the bank to get my new platinum visa card', 25)	1	473	473
716	('going to the bank to get my new platinum visa card', 25)	1	473	473
717	('going to the bank to get my new platinum visa card', 25)	1	473	473
718	"(""dearest @google, you rich bastards! the VISA card you sent me doesn't work. why screw a little guy like me?"", 0)"	0	474	474
719	('has a date with bobby flay and gut fieri from food network', 0)	1	475	475
720	"(""i'm excited about bobby flay and guy fieri at the great american food and music festival tomorrow"", 42)"	2	476	476
721	"(""i'm excited about bobby flay and guy fieri at the great american food and music festival tomorrow"", 42)"	2	476	476
722	"(""i'm excited about bobby flay and guy fieri at the great american food and music festival tomorrow"", 42)"	2	476	476
723	"(""i'm excited about bobby flay and guy fieri at the great american food and music festival tomorrow"", 42)"	2	476	476
724	"(""i'm excited about bobby flay and guy fieri at the great american food and music festival tomorrow"", 42)"	2	476	476
725	('Gonna go see Bobby Flay 2moro at Shoreline. Eat and drink. Gonna be good.', 0)	2	477	477
726	('i cannot wait to see the great american food and music festival in shoreline tomorrow', 70)	2	478	478
727	('i cannot wait to see the great american food and music festival in shoreline tomorrow', 70)	2	478	478
728	('My dad was in NY for a day, we ate at MESA grill last night and met Bobby Flay. So much fun, except I completely lost my voice today.', 0)	2	479	479
729	"(""i can't take more"", 134)"	0	482	482
730	('How to Track Iran with Social Media: http://bit.ly/2BoqU', 0)	1	483	483
731	('shit hits the fan in iran', 50)	0	484	484
732	('Monday already. Iran may implode. Kitchen is a disaster. @annagoss seems happy. @sebulous had a nice weekend and @goldpanda is great. whoop.', 0)	0	485	485
733	('Twitter Stock buzz: $AAPL $ES_F $SPY $SPX $PALM  (updated: 12:00 PM)', 0)	1	486	486
734	('bobby flay has some great recipes to try', 89)	2	487	487
735	('will bobby flay be joining you?', 28)	1	488	488
736	('bobby flay is my favorite', 120)	2	489	489
737	('bobby flay is my favorite', 120)	2	489	489
738	('bobby flay is my favorite', 120)	2	489	489
739	('bobby flay is my favorite', 120)	2	489	489
740	"(""i'm loving linux - much better than windows"", 88)"	2	491	491
741	"(""i'm loving linux - much better than windows"", 88)"	2	491	491
742	"(""i'm loving linux - much better than windows"", 88)"	2	491	491
743	('Ask Programming: LaTeX or InDesign?: submitted by calcio1 [link] [1 comment] http://tinyurl.com/myfmf7', 0)	1	493	493
744	('On that note, I hate Word. I hate Pages. I hate LaTeX. There, I said it. I hate LaTeX. All you TEXN3RDS can come kill me now.', 0)	0	494	494
745	('Trouble in Iran, I see. Hmm. Iran. Iran so far away. #flockofseagullsweregeopoliticallycorrect', 0)	0	496	496
746	('Reading the tweets coming out of Iran... The whole thing is terrifying and incredibly sad...', 0)	0	497	497
